{
    "rmse": 1792.99,
    "r2": 0.9893,
    "params": {
        "iterations": 941,
        "learning_rate": 0.08760079996088169,
        "depth": 10,
        "l2_leaf_reg": 7.120609509352001
    }
}