{
    "rmse": 1724.02,
    "r2": 0.9901,
    "params": {
        "learning_rate": 0.1526799307461281,
        "depth": 6,
        "l2_leaf_reg": 5.970051646105059
    }
}